Sample	Percentage	ID_NEW	Sample	Tribe	Segment
SRR6489870	NA	SRR6489870.3_PB2	SRR6489870.3	Aedini	PB2
SRR6489870	NA	SRR6489870.3_PB1	SRR6489870.3	Aedini	PB1
SRR6489870	NA	SRR6489870.3_PA	SRR6489870.3	Aedini	PA
SRR6489870	28.26	SRR6489870.3_NP	SRR6489870.3	Aedini	NP
SRR6489870	NA	SRR6489870.3_HP3	SRR6489870.3	Aedini	HP3
SRR6489870	NA	SRR6489870.3_HP2	SRR6489870.3	Aedini	HP2
SRR6489870	NA	SRR6489870.3_HP1	SRR6489870.3	Aedini	HP1
SRR6489870	NA	SRR6489870.3_GP	SRR6489870.3	Aedini	GP
SRR6489870	NA	SRR6489870.2_PB2	SRR6489870.2	Aedini	PB2
SRR6489870	NA	SRR6489870.2_PB1	SRR6489870.2	Aedini	PB1
SRR6489870	NA	SRR6489870.2_PA	SRR6489870.2	Aedini	PA
SRR6489870	36.86	SRR6489870.2_NP	SRR6489870.2	Aedini	NP
SRR6489870	NA	SRR6489870.2_HP3	SRR6489870.2	Aedini	HP3
SRR6489870	NA	SRR6489870.2_HP2	SRR6489870.2	Aedini	HP2
SRR6489870	NA	SRR6489870.2_HP1	SRR6489870.2	Aedini	HP1
SRR6489870	NA	SRR6489870.2_GP	SRR6489870.2	Aedini	GP
SRR6489870	100	SRR6489870.1_PB2	SRR6489870.1	Aedini	PB2
SRR6489870	100	SRR6489870.1_PB1	SRR6489870.1	Aedini	PB1
SRR6489870	NA	SRR6489870.1_PA	SRR6489870.1	Aedini	PA
SRR6489870	100	SRR6489870.1_NP	SRR6489870.1	Aedini	NP
SRR6489870	100	SRR6489870.1_HP3	SRR6489870.1	Aedini	HP3
SRR6489870	100	SRR6489870.1_HP2	SRR6489870.1	Aedini	HP2
SRR6489870	100	SRR6489870.1_HP1	SRR6489870.1	Aedini	HP1
SRR6489870	96.7	SRR6489870.1_GP	SRR6489870.1	Aedini	GP
SRR6489876	99.73	SRR6489876.2_PB2	SRR6489876.2	Aedini	PB2
SRR6489876	97.72	SRR6489876.2_PB1	SRR6489876.2	Aedini	PB1
SRR6489876	NA	SRR6489876.2_PA	SRR6489876.2	Aedini	PA
SRR6489876	88.61	SRR6489876.2_NP	SRR6489876.2	Aedini	NP
SRR6489876	53.49	SRR6489876.2_HP3	SRR6489876.2	Aedini	HP3
SRR6489876	82.45	SRR6489876.2_HP2	SRR6489876.2	Aedini	HP2
SRR6489876	22.17	SRR6489876.2_HP1	SRR6489876.2	Aedini	HP1
SRR6489876	99.12	SRR6489876.2_GP	SRR6489876.2	Aedini	GP
SRR6489876	100.13	SRR6489876.1_PB2	SRR6489876.1	Aedini	PB2
SRR6489876	100	SRR6489876.1_PB1	SRR6489876.1	Aedini	PB1
SRR6489876	98.61	SRR6489876.1_PA	SRR6489876.1	Aedini	PA
SRR6489876	100	SRR6489876.1_NP	SRR6489876.1	Aedini	NP
SRR6489876	100	SRR6489876.1_HP3	SRR6489876.1	Aedini	HP3
SRR6489876	82.45	SRR6489876.1_HP2	SRR6489876.1	Aedini	HP2
SRR6489876	99.57	SRR6489876.1_HP1	SRR6489876.1	Aedini	HP1
SRR6489876	99.79	SRR6489876.1_GP	SRR6489876.1	Aedini	GP
SRR6489877	NA	SRR6489877.3_PB2	SRR6489877.3	Aedini	PB2
SRR6489877	NA	SRR6489877.3_PB1	SRR6489877.3	Aedini	PB1
SRR6489877	NA	SRR6489877.3_PA	SRR6489877.3	Aedini	PA
SRR6489877	32.63	SRR6489877.3_NP	SRR6489877.3	Aedini	NP
SRR6489877	NA	SRR6489877.3_HP3	SRR6489877.3	Aedini	HP3
SRR6489877	NA	SRR6489877.3_HP2	SRR6489877.3	Aedini	HP2
SRR6489877	NA	SRR6489877.3_HP1	SRR6489877.3	Aedini	HP1
SRR6489877	NA	SRR6489877.3_GP	SRR6489877.3	Aedini	GP
SRR6489877	NA	SRR6489877.2_PB2	SRR6489877.2	Aedini	PB2
SRR6489877	NA	SRR6489877.2_PB1	SRR6489877.2	Aedini	PB1
SRR6489877	NA	SRR6489877.2_PA	SRR6489877.2	Aedini	PA
SRR6489877	56.03	SRR6489877.2_NP	SRR6489877.2	Aedini	NP
SRR6489877	NA	SRR6489877.2_HP3	SRR6489877.2	Aedini	HP3
SRR6489877	NA	SRR6489877.2_HP2	SRR6489877.2	Aedini	HP2
SRR6489877	NA	SRR6489877.2_HP1	SRR6489877.2	Aedini	HP1
SRR6489877	NA	SRR6489877.2_GP	SRR6489877.2	Aedini	GP
SRR6489877	99.78	SRR6489877.1_PB2	SRR6489877.1	Aedini	PB2
SRR6489877	99.34	SRR6489877.1_PB1	SRR6489877.1	Aedini	PB1
SRR6489877	NA	SRR6489877.1_PA	SRR6489877.1	Aedini	PA
SRR6489877	99.81	SRR6489877.1_NP	SRR6489877.1	Aedini	NP
SRR6489877	99.15	SRR6489877.1_HP3	SRR6489877.1	Aedini	HP3
SRR6489877	82.45	SRR6489877.1_HP2	SRR6489877.1	Aedini	HP2
SRR6489877	99.57	SRR6489877.1_HP1	SRR6489877.1	Aedini	HP1
SRR6489877	99.12	SRR6489877.1_GP	SRR6489877.1	Aedini	GP
SRR6489878	NA	SRR6489878.3_PB2	SRR6489878.3	Aedini	PB2
SRR6489878	NA	SRR6489878.3_PB1	SRR6489878.3	Aedini	PB1
SRR6489878	NA	SRR6489878.3_PA	SRR6489878.3	Aedini	PA
SRR6489878	23.66	SRR6489878.3_NP	SRR6489878.3	Aedini	NP
SRR6489878	NA	SRR6489878.3_HP3	SRR6489878.3	Aedini	HP3
SRR6489878	NA	SRR6489878.3_HP2	SRR6489878.3	Aedini	HP2
SRR6489878	NA	SRR6489878.3_HP1	SRR6489878.3	Aedini	HP1
SRR6489878	NA	SRR6489878.3_GP	SRR6489878.3	Aedini	GP
SRR6489878	NA	SRR6489878.2_PB2	SRR6489878.2	Aedini	PB2
SRR6489878	NA	SRR6489878.2_PB1	SRR6489878.2	Aedini	PB1
SRR6489878	NA	SRR6489878.2_PA	SRR6489878.2	Aedini	PA
SRR6489878	32.45	SRR6489878.2_NP	SRR6489878.2	Aedini	NP
SRR6489878	NA	SRR6489878.2_HP3	SRR6489878.2	Aedini	HP3
SRR6489878	NA	SRR6489878.2_HP2	SRR6489878.2	Aedini	HP2
SRR6489878	NA	SRR6489878.2_HP1	SRR6489878.2	Aedini	HP1
SRR6489878	NA	SRR6489878.2_GP	SRR6489878.2	Aedini	GP
SRR6489878	75.91	SRR6489878.1_PB2	SRR6489878.1	Aedini	PB2
SRR6489878	72.01	SRR6489878.1_PB1	SRR6489878.1	Aedini	PB1
SRR6489878	29.42	SRR6489878.1_PA	SRR6489878.1	Aedini	PA
SRR6489878	99.81	SRR6489878.1_NP	SRR6489878.1	Aedini	NP
SRR6489878	90.6	SRR6489878.1_HP3	SRR6489878.1	Aedini	HP3
SRR6489878	82.45	SRR6489878.1_HP2	SRR6489878.1	Aedini	HP2
SRR6489878	99.57	SRR6489878.1_HP1	SRR6489878.1	Aedini	HP1
SRR6489878	94.07	SRR6489878.1_GP	SRR6489878.1	Aedini	GP
SRR6489879	NA	SRR6489879.3_PB2	SRR6489879.3	Aedini	PB2
SRR6489879	NA	SRR6489879.3_PB1	SRR6489879.3	Aedini	PB1
SRR6489879	NA	SRR6489879.3_PA	SRR6489879.3	Aedini	PA
SRR6489879	32.45	SRR6489879.3_NP	SRR6489879.3	Aedini	NP
SRR6489879	NA	SRR6489879.3_HP3	SRR6489879.3	Aedini	HP3
SRR6489879	NA	SRR6489879.3_HP2	SRR6489879.3	Aedini	HP2
SRR6489879	NA	SRR6489879.3_HP1	SRR6489879.3	Aedini	HP1
SRR6489879	NA	SRR6489879.3_GP	SRR6489879.3	Aedini	GP
SRR6489879	NA	SRR6489879.2_PB2	SRR6489879.2	Aedini	PB2
SRR6489879	NA	SRR6489879.2_PB1	SRR6489879.2	Aedini	PB1
SRR6489879	NA	SRR6489879.2_PA	SRR6489879.2	Aedini	PA
SRR6489879	38.8	SRR6489879.2_NP	SRR6489879.2	Aedini	NP
SRR6489879	90.6	SRR6489879.2_HP3	SRR6489879.2	Aedini	HP3
SRR6489879	NA	SRR6489879.2_HP2	SRR6489879.2	Aedini	HP2
SRR6489879	NA	SRR6489879.2_HP1	SRR6489879.2	Aedini	HP1
SRR6489879	NA	SRR6489879.2_GP	SRR6489879.2	Aedini	GP
SRR6489879	99.64	SRR6489879.1_PB2	SRR6489879.1	Aedini	PB2
SRR6489879	99.34	SRR6489879.1_PB1	SRR6489879.1	Aedini	PB1
SRR6489879	NA	SRR6489879.1_PA	SRR6489879.1	Aedini	PA
SRR6489879	99.81	SRR6489879.1_NP	SRR6489879.1	Aedini	NP
SRR6489879	99.15	SRR6489879.1_HP3	SRR6489879.1	Aedini	HP3
SRR6489879	82.45	SRR6489879.1_HP2	SRR6489879.1	Aedini	HP2
SRR6489879	99.57	SRR6489879.1_HP1	SRR6489879.1	Aedini	HP1
SRR6489879	99.12	SRR6489879.1_GP	SRR6489879.1	Aedini	GP
SRR908278	NA	SRR908278.3_PB2	SRR908278.3	Culicinae	PB2
SRR908278	NA	SRR908278.3_PB1	SRR908278.3	Culicinae	PB1
SRR908278	NA	SRR908278.3_PA	SRR908278.3	Culicinae	PA
SRR908278	37.04	SRR908278.3_NP	SRR908278.3	Culicinae	NP
SRR908278	NA	SRR908278.3_HP3	SRR908278.3	Culicinae	HP3
SRR908278	NA	SRR908278.3_HP2	SRR908278.3	Culicinae	HP2
SRR908278	NA	SRR908278.3_HP1	SRR908278.3	Culicinae	HP1
SRR908278	NA	SRR908278.3_GP	SRR908278.3	Culicinae	GP
SRR908278	NA	SRR908278.2_PB2	SRR908278.2	Culicinae	PB2
SRR908278	NA	SRR908278.2_PB1	SRR908278.2	Culicinae	PB1
SRR908278	NA	SRR908278.2_PA	SRR908278.2	Culicinae	PA
SRR908278	38.08	SRR908278.2_NP	SRR908278.2	Culicinae	NP
SRR908278	NA	SRR908278.2_HP3	SRR908278.2	Culicinae	HP3
SRR908278	NA	SRR908278.2_HP2	SRR908278.2	Culicinae	HP2
SRR908278	NA	SRR908278.2_HP1	SRR908278.2	Culicinae	HP1
SRR908278	NA	SRR908278.2_GP	SRR908278.2	Culicinae	GP
SRR908278	NA	SRR908278.1_PB2	SRR908278.1	Culicinae	PB2
SRR908278	NA	SRR908278.1_PB1	SRR908278.1	Culicinae	PB1
SRR908278	NA	SRR908278.1_PA	SRR908278.1	Culicinae	PA
SRR908278	39.68	SRR908278.1_NP	SRR908278.1	Culicinae	NP
SRR908278	NA	SRR908278.1_HP3	SRR908278.1	Culicinae	HP3
SRR908278	NA	SRR908278.1_HP2	SRR908278.1	Culicinae	HP2
SRR908278	NA	SRR908278.1_HP1	SRR908278.1	Culicinae	HP1
SRR908278	NA	SRR908278.1_GP	SRR908278.1	Culicinae	GP
SRR10095376	95.73	SRR10095376.1_PB2	SRR10095376.1	Aedini	PB2
SRR10095376	96.05	SRR10095376.1_PB1	SRR10095376.1	Aedini	PB1
SRR10095376	97.73	SRR10095376.1_PA	SRR10095376.1	Aedini	PA
SRR10095376	92.91	SRR10095376.1_NP	SRR10095376.1	Aedini	NP
SRR10095376	97.21	SRR10095376.1_HP3	SRR10095376.1	Aedini	HP3
SRR10095376	95.68	SRR10095376.1_HP2	SRR10095376.1	Aedini	HP2
SRR10095376	100	SRR10095376.1_HP1	SRR10095376.1	Aedini	HP1
SRR10095376	99.3	SRR10095376.1_GP	SRR10095376.1	Aedini	GP
SRR10095376	NA	SRR10095376.2_PB2	SRR10095376.2	Aedini	PB2
SRR10095376	5.43	SRR10095376.2_PB1	SRR10095376.2	Aedini	PB1
SRR10095376	NA	SRR10095376.2_PA	SRR10095376.2	Aedini	PA
SRR10095376	47.79	SRR10095376.2_NP	SRR10095376.2	Aedini	NP
SRR10095376	38.45	SRR10095376.2_HP3	SRR10095376.2	Aedini	HP3
SRR10095376	NA	SRR10095376.2_HP2	SRR10095376.2	Aedini	HP2
SRR10095376	NA	SRR10095376.2_HP1	SRR10095376.2	Aedini	HP1
SRR10095376	73.75	SRR10095376.2_GP	SRR10095376.2	Aedini	GP
SRR10095376	NA	SRR10095376.3_PB2	SRR10095376.3	Aedini	PB2
SRR10095376	NA	SRR10095376.3_PB1	SRR10095376.3	Aedini	PB1
SRR10095376	NA	SRR10095376.3_PA	SRR10095376.3	Aedini	PA
SRR10095376	29.16	SRR10095376.3_NP	SRR10095376.3	Aedini	NP
SRR10095376	NA	SRR10095376.3_HP3	SRR10095376.3	Aedini	HP3
SRR10095376	NA	SRR10095376.3_HP2	SRR10095376.3	Aedini	HP2
SRR10095376	NA	SRR10095376.3_HP1	SRR10095376.3	Aedini	HP1
SRR10095376	NA	SRR10095376.3_GP	SRR10095376.3	Aedini	GP
SRR11035246	100	SRR11035246.1_PB2	SRR11035246.1	Aedini	PB2
SRR11035246	100	SRR11035246.1_PB1	SRR11035246.1	Aedini	PB1
SRR11035246	100	SRR11035246.1_PA	SRR11035246.1	Aedini	PA
SRR11035246	100	SRR11035246.1_NP	SRR11035246.1	Aedini	NP
SRR11035246	97.87	SRR11035246.1_HP3	SRR11035246.1	Aedini	HP3
SRR11035246	95.54	SRR11035246.1_HP2	SRR11035246.1	Aedini	HP2
SRR11035246	100	SRR11035246.1_HP1	SRR11035246.1	Aedini	HP1
SRR11035246	99.51	SRR11035246.1_GP	SRR11035246.1	Aedini	GP
SRR11035246	NA	SRR11035246.2_PB2	SRR11035246.2	Aedini	PB2
SRR11035246	NA	SRR11035246.2_PB1	SRR11035246.2	Aedini	PB1
SRR11035246	NA	SRR11035246.2_PA	SRR11035246.2	Aedini	PA
SRR11035246	19.06	SRR11035246.2_NP	SRR11035246.2	Aedini	NP
SRR11035246	NA	SRR11035246.2_HP3	SRR11035246.2	Aedini	HP3
SRR11035246	NA	SRR11035246.2_HP2	SRR11035246.2	Aedini	HP2
SRR11035246	NA	SRR11035246.2_HP1	SRR11035246.2	Aedini	HP1
SRR11035246	NA	SRR11035246.2_GP	SRR11035246.2	Aedini	GP
SRR11035246	NA	SRR11035246.3_PB2	SRR11035246.3	Aedini	PB2
SRR11035246	NA	SRR11035246.3_PB1	SRR11035246.3	Aedini	PB1
SRR11035246	NA	SRR11035246.3_PA	SRR11035246.3	Aedini	PA
SRR11035246	11.86	SRR11035246.3_NP	SRR11035246.3	Aedini	NP
SRR11035246	NA	SRR11035246.3_HP3	SRR11035246.3	Aedini	HP3
SRR11035246	NA	SRR11035246.3_HP2	SRR11035246.3	Aedini	HP2
SRR11035246	NA	SRR11035246.3_HP1	SRR11035246.3	Aedini	HP1
SRR11035246	NA	SRR11035246.3_GP	SRR11035246.3	Aedini	GP
SRR11035248	100	SRR11035248.1_PB2	SRR11035248.1	Aedini	PB2
SRR11035248	100	SRR11035248.1_PB1	SRR11035248.1	Aedini	PB1
SRR11035248	100	SRR11035248.1_PA	SRR11035248.1	Aedini	PA
SRR11035248	100	SRR11035248.1_NP	SRR11035248.1	Aedini	NP
SRR11035248	100	SRR11035248.1_HP3	SRR11035248.1	Aedini	HP3
SRR11035248	100	SRR11035248.1_HP2	SRR11035248.1	Aedini	HP2
SRR11035248	100	SRR11035248.1_HP1	SRR11035248.1	Aedini	HP1
SRR11035248	100	SRR11035248.1_GP	SRR11035248.1	Aedini	GP
SRR11035248	NA	SRR11035248.2_PB2	SRR11035248.2	Aedini	PB2
SRR11035248	NA	SRR11035248.2_PB1	SRR11035248.2	Aedini	PB1
SRR11035248	NA	SRR11035248.2_PA	SRR11035248.2	Aedini	PA
SRR11035248	23.95	SRR11035248.2_NP	SRR11035248.2	Aedini	NP
SRR11035248	NA	SRR11035248.2_HP3	SRR11035248.2	Aedini	HP3
SRR11035248	NA	SRR11035248.2_HP2	SRR11035248.2	Aedini	HP2
SRR11035248	NA	SRR11035248.2_HP1	SRR11035248.2	Aedini	HP1
SRR11035248	25.97	SRR11035248.2_GP	SRR11035248.2	Aedini	GP
SRR11035248	NA	SRR11035248.3_PB2	SRR11035248.3	Aedini	PB2
SRR11035248	NA	SRR11035248.3_PB1	SRR11035248.3	Aedini	PB1
SRR11035248	NA	SRR11035248.3_PA	SRR11035248.3	Aedini	PA
SRR11035248	12.25	SRR11035248.3_NP	SRR11035248.3	Aedini	NP
SRR11035248	NA	SRR11035248.3_HP3	SRR11035248.3	Aedini	HP3
SRR11035248	NA	SRR11035248.3_HP2	SRR11035248.3	Aedini	HP2
SRR11035248	NA	SRR11035248.3_HP1	SRR11035248.3	Aedini	HP1
SRR11035248	NA	SRR11035248.3_GP	SRR11035248.3	Aedini	GP
SRR11035250	NA	SRR11035250.1_PB2	SRR11035250.1	Aedini	PB2
SRR11035250	12.54	SRR11035250.1_PB1	SRR11035250.1	Aedini	PB1
SRR11035250	NA	SRR11035250.1_PA	SRR11035250.1	Aedini	PA
SRR11035250	34.41	SRR11035250.1_NP	SRR11035250.1	Aedini	NP
SRR11035250	NA	SRR11035250.1_HP3	SRR11035250.1	Aedini	HP3
SRR11035250	NA	SRR11035250.1_HP2	SRR11035250.1	Aedini	HP2
SRR11035250	NA	SRR11035250.1_HP1	SRR11035250.1	Aedini	HP1
SRR11035250	NA	SRR11035250.1_GP	SRR11035250.1	Aedini	GP
SRR11035250	NA	SRR11035250.2_PB2	SRR11035250.2	Aedini	PB2
SRR11035250	NA	SRR11035250.2_PB1	SRR11035250.2	Aedini	PB1
SRR11035250	NA	SRR11035250.2_PA	SRR11035250.2	Aedini	PA
SRR11035250	8.48	SRR11035250.2_NP	SRR11035250.2	Aedini	NP
SRR11035250	NA	SRR11035250.2_HP3	SRR11035250.2	Aedini	HP3
SRR11035250	NA	SRR11035250.2_HP2	SRR11035250.2	Aedini	HP2
SRR11035250	NA	SRR11035250.2_HP1	SRR11035250.2	Aedini	HP1
SRR11035250	NA	SRR11035250.2_GP	SRR11035250.2	Aedini	GP
SRR11035250	NA	SRR11035250.3_PB2	SRR11035250.3	Aedini	PB2
SRR11035250	NA	SRR11035250.3_PB1	SRR11035250.3	Aedini	PB1
SRR11035250	NA	SRR11035250.3_PA	SRR11035250.3	Aedini	PA
SRR11035250	6.61	SRR11035250.3_NP	SRR11035250.3	Aedini	NP
SRR11035250	NA	SRR11035250.3_HP3	SRR11035250.3	Aedini	HP3
SRR11035250	NA	SRR11035250.3_HP2	SRR11035250.3	Aedini	HP2
SRR11035250	NA	SRR11035250.3_HP1	SRR11035250.3	Aedini	HP1
SRR11035250	NA	SRR11035250.3_GP	SRR11035250.3	Aedini	GP
SRR11035251	100	SRR11035251.1_PB2	SRR11035251.1	Aedini	PB2
SRR11035251	100	SRR11035251.1_PB1	SRR11035251.1	Aedini	PB1
SRR11035251	100	SRR11035251.1_PA	SRR11035251.1	Aedini	PA
SRR11035251	100	SRR11035251.1_NP	SRR11035251.1	Aedini	NP
SRR11035251	100	SRR11035251.1_HP3	SRR11035251.1	Aedini	HP3
SRR11035251	100	SRR11035251.1_HP2	SRR11035251.1	Aedini	HP2
SRR11035251	99.71	SRR11035251.1_HP1	SRR11035251.1	Aedini	HP1
SRR11035251	100	SRR11035251.1_GP	SRR11035251.1	Aedini	GP
SRR11035251	NA	SRR11035251.2_PB2	SRR11035251.2	Aedini	PB2
SRR11035251	NA	SRR11035251.2_PB1	SRR11035251.2	Aedini	PB1
SRR11035251	NA	SRR11035251.2_PA	SRR11035251.2	Aedini	PA
SRR11035251	15.41	SRR11035251.2_NP	SRR11035251.2	Aedini	NP
SRR11035251	NA	SRR11035251.2_HP3	SRR11035251.2	Aedini	HP3
SRR11035251	NA	SRR11035251.2_HP2	SRR11035251.2	Aedini	HP2
SRR11035251	NA	SRR11035251.2_HP1	SRR11035251.2	Aedini	HP1
SRR11035251	NA	SRR11035251.2_GP	SRR11035251.2	Aedini	GP
SRR11035251	NA	SRR11035251.3_PB2	SRR11035251.3	Aedini	PB2
SRR11035251	NA	SRR11035251.3_PB1	SRR11035251.3	Aedini	PB1
SRR11035251	NA	SRR11035251.3_PA	SRR11035251.3	Aedini	PA
SRR11035251	10.89	SRR11035251.3_NP	SRR11035251.3	Aedini	NP
SRR11035251	NA	SRR11035251.3_HP3	SRR11035251.3	Aedini	HP3
SRR11035251	NA	SRR11035251.3_HP2	SRR11035251.3	Aedini	HP2
SRR11035251	NA	SRR11035251.3_HP1	SRR11035251.3	Aedini	HP1
SRR11035251	NA	SRR11035251.3_GP	SRR11035251.3	Aedini	GP
SRR11035252	100	SRR11035252.1_PB2	SRR11035252.1	Aedini	PB2
SRR11035252	100	SRR11035252.1_PB1	SRR11035252.1	Aedini	PB1
SRR11035252	100	SRR11035252.1_PA	SRR11035252.1	Aedini	PA
SRR11035252	100	SRR11035252.1_NP	SRR11035252.1	Aedini	NP
SRR11035252	100	SRR11035252.1_HP3	SRR11035252.1	Aedini	HP3
SRR11035252	100	SRR11035252.1_HP2	SRR11035252.1	Aedini	HP2
SRR11035252	100	SRR11035252.1_HP1	SRR11035252.1	Aedini	HP1
SRR11035252	100	SRR11035252.1_GP	SRR11035252.1	Aedini	GP
SRR11035252	NA	SRR11035252.2_PB2	SRR11035252.2	Aedini	PB2
SRR11035252	NA	SRR11035252.2_PB1	SRR11035252.2	Aedini	PB1
SRR11035252	NA	SRR11035252.2_PA	SRR11035252.2	Aedini	PA
SRR11035252	26.44	SRR11035252.2_NP	SRR11035252.2	Aedini	NP
SRR11035252	NA	SRR11035252.2_HP3	SRR11035252.2	Aedini	HP3
SRR11035252	NA	SRR11035252.2_HP2	SRR11035252.2	Aedini	HP2
SRR11035252	NA	SRR11035252.2_HP1	SRR11035252.2	Aedini	HP1
SRR11035252	NA	SRR11035252.2_GP	SRR11035252.2	Aedini	GP
SRR11035252	NA	SRR11035252.3_PB2	SRR11035252.3	Aedini	PB2
SRR11035252	NA	SRR11035252.3_PB1	SRR11035252.3	Aedini	PB1
SRR11035252	NA	SRR11035252.3_PA	SRR11035252.3	Aedini	PA
SRR11035252	23.09	SRR11035252.3_NP	SRR11035252.3	Aedini	NP
SRR11035252	NA	SRR11035252.3_HP3	SRR11035252.3	Aedini	HP3
SRR11035252	NA	SRR11035252.3_HP2	SRR11035252.3	Aedini	HP2
SRR11035252	NA	SRR11035252.3_HP1	SRR11035252.3	Aedini	HP1
SRR11035252	NA	SRR11035252.3_GP	SRR11035252.3	Aedini	GP
SRR11035253	100	SRR11035253.1_PB2	SRR11035253.1	Aedini	PB2
SRR11035253	100	SRR11035253.1_PB1	SRR11035253.1	Aedini	PB1
SRR11035253	100	SRR11035253.1_PA	SRR11035253.1	Aedini	PA
SRR11035253	100	SRR11035253.1_NP	SRR11035253.1	Aedini	NP
SRR11035253	100	SRR11035253.1_HP3	SRR11035253.1	Aedini	HP3
SRR11035253	100	SRR11035253.1_HP2	SRR11035253.1	Aedini	HP2
SRR11035253	100	SRR11035253.1_HP1	SRR11035253.1	Aedini	HP1
SRR11035253	100	SRR11035253.1_GP	SRR11035253.1	Aedini	GP
SRR11035253	NA	SRR11035253.2_PB2	SRR11035253.2	Aedini	PB2
SRR11035253	NA	SRR11035253.2_PB1	SRR11035253.2	Aedini	PB1
SRR11035253	NA	SRR11035253.2_PA	SRR11035253.2	Aedini	PA
SRR11035253	20.25	SRR11035253.2_NP	SRR11035253.2	Aedini	NP
SRR11035253	NA	SRR11035253.2_HP3	SRR11035253.2	Aedini	HP3
SRR11035253	NA	SRR11035253.2_HP2	SRR11035253.2	Aedini	HP2
SRR11035253	NA	SRR11035253.2_HP1	SRR11035253.2	Aedini	HP1
SRR11035253	50	SRR11035253.2_GP	SRR11035253.2	Aedini	GP
SRR11035253	NA	SRR11035253.3_PB2	SRR11035253.3	Aedini	PB2
SRR11035253	NA	SRR11035253.3_PB1	SRR11035253.3	Aedini	PB1
SRR11035253	NA	SRR11035253.3_PA	SRR11035253.3	Aedini	PA
SRR11035253	8.57	SRR11035253.3_NP	SRR11035253.3	Aedini	NP
SRR11035253	NA	SRR11035253.3_HP3	SRR11035253.3	Aedini	HP3
SRR11035253	NA	SRR11035253.3_HP2	SRR11035253.3	Aedini	HP2
SRR11035253	NA	SRR11035253.3_HP1	SRR11035253.3	Aedini	HP1
SRR11035253	NA	SRR11035253.3_GP	SRR11035253.3	Aedini	GP
SRR1103952	NA	SRR1103952.1_PB2	SRR1103952.1	Aedini	PB2
SRR1103952	NA	SRR1103952.1_PB1	SRR1103952.1	Aedini	PB1
SRR1103952	NA	SRR1103952.1_PA	SRR1103952.1	Aedini	PA
SRR1103952	67.01	SRR1103952.1_NP	SRR1103952.1	Aedini	NP
SRR1103952	NA	SRR1103952.1_HP3	SRR1103952.1	Aedini	HP3
SRR1103952	NA	SRR1103952.1_HP2	SRR1103952.1	Aedini	HP2
SRR1103952	NA	SRR1103952.1_HP1	SRR1103952.1	Aedini	HP1
SRR1103952	NA	SRR1103952.1_GP	SRR1103952.1	Aedini	GP
SRR1103952	NA	SRR1103952.2_PB2	SRR1103952.2	Aedini	PB2
SRR1103952	NA	SRR1103952.2_PB1	SRR1103952.2	Aedini	PB1
SRR1103952	NA	SRR1103952.2_PA	SRR1103952.2	Aedini	PA
SRR1103952	32.93	SRR1103952.2_NP	SRR1103952.2	Aedini	NP
SRR1103952	NA	SRR1103952.2_HP3	SRR1103952.2	Aedini	HP3
SRR1103952	NA	SRR1103952.2_HP2	SRR1103952.2	Aedini	HP2
SRR1103952	NA	SRR1103952.2_HP1	SRR1103952.2	Aedini	HP1
SRR1103952	NA	SRR1103952.2_GP	SRR1103952.2	Aedini	GP
SRR1103952	NA	SRR1103952.3_PB2	SRR1103952.3	Aedini	PB2
SRR1103952	NA	SRR1103952.3_PB1	SRR1103952.3	Aedini	PB1
SRR1103952	NA	SRR1103952.3_PA	SRR1103952.3	Aedini	PA
SRR1103952	31.19	SRR1103952.3_NP	SRR1103952.3	Aedini	NP
SRR1103952	NA	SRR1103952.3_HP3	SRR1103952.3	Aedini	HP3
SRR1103952	NA	SRR1103952.3_HP2	SRR1103952.3	Aedini	HP2
SRR1103952	NA	SRR1103952.3_HP1	SRR1103952.3	Aedini	HP1
SRR1103952	NA	SRR1103952.3_GP	SRR1103952.3	Aedini	GP
SRR1103958	NA	SRR1103958.1_PB2	SRR1103958.1	Aedini	PB2
SRR1103958	NA	SRR1103958.1_PB1	SRR1103958.1	Aedini	PB1
SRR1103958	NA	SRR1103958.1_PA	SRR1103958.1	Aedini	PA
SRR1103958	49.1	SRR1103958.1_NP	SRR1103958.1	Aedini	NP
SRR1103958	NA	SRR1103958.1_HP3	SRR1103958.1	Aedini	HP3
SRR1103958	NA	SRR1103958.1_HP2	SRR1103958.1	Aedini	HP2
SRR1103958	NA	SRR1103958.1_HP1	SRR1103958.1	Aedini	HP1
SRR1103958	NA	SRR1103958.1_GP	SRR1103958.1	Aedini	GP
SRR1103958	NA	SRR1103958.2_PB2	SRR1103958.2	Aedini	PB2
SRR1103958	NA	SRR1103958.2_PB1	SRR1103958.2	Aedini	PB1
SRR1103958	NA	SRR1103958.2_PA	SRR1103958.2	Aedini	PA
SRR1103958	42.7	SRR1103958.2_NP	SRR1103958.2	Aedini	NP
SRR1103958	NA	SRR1103958.2_HP3	SRR1103958.2	Aedini	HP3
SRR1103958	NA	SRR1103958.2_HP2	SRR1103958.2	Aedini	HP2
SRR1103958	NA	SRR1103958.2_HP1	SRR1103958.2	Aedini	HP1
SRR1103958	NA	SRR1103958.2_GP	SRR1103958.2	Aedini	GP
SRR1103958	NA	SRR1103958.3_PB2	SRR1103958.3	Aedini	PB2
SRR1103958	NA	SRR1103958.3_PB1	SRR1103958.3	Aedini	PB1
SRR1103958	NA	SRR1103958.3_PA	SRR1103958.3	Aedini	PA
SRR1103958	41.25	SRR1103958.3_NP	SRR1103958.3	Aedini	NP
SRR1103958	NA	SRR1103958.3_HP3	SRR1103958.3	Aedini	HP3
SRR1103958	NA	SRR1103958.3_HP2	SRR1103958.3	Aedini	HP2
SRR1103958	NA	SRR1103958.3_HP1	SRR1103958.3	Aedini	HP1
SRR1103958	NA	SRR1103958.3_GP	SRR1103958.3	Aedini	GP
SRR1103962	NA	SRR1103962.1_PB2	SRR1103962.1	Aedini	PB2
SRR1103962	NA	SRR1103962.1_PB1	SRR1103962.1	Aedini	PB1
SRR1103962	NA	SRR1103962.1_PA	SRR1103962.1	Aedini	PA
SRR1103962	40.14	SRR1103962.1_NP	SRR1103962.1	Aedini	NP
SRR1103962	NA	SRR1103962.1_HP3	SRR1103962.1	Aedini	HP3
SRR1103962	NA	SRR1103962.1_HP2	SRR1103962.1	Aedini	HP2
SRR1103962	NA	SRR1103962.1_HP1	SRR1103962.1	Aedini	HP1
SRR1103962	NA	SRR1103962.1_GP	SRR1103962.1	Aedini	GP
SRR1103962	NA	SRR1103962.2_PB2	SRR1103962.2	Aedini	PB2
SRR1103962	NA	SRR1103962.2_PB1	SRR1103962.2	Aedini	PB1
SRR1103962	NA	SRR1103962.2_PA	SRR1103962.2	Aedini	PA
SRR1103962	33.49	SRR1103962.2_NP	SRR1103962.2	Aedini	NP
SRR1103962	NA	SRR1103962.2_HP3	SRR1103962.2	Aedini	HP3
SRR1103962	NA	SRR1103962.2_HP2	SRR1103962.2	Aedini	HP2
SRR1103962	NA	SRR1103962.2_HP1	SRR1103962.2	Aedini	HP1
SRR1103962	NA	SRR1103962.2_GP	SRR1103962.2	Aedini	GP
SRR1103962	NA	SRR1103962.3_PB2	SRR1103962.3	Aedini	PB2
SRR1103962	NA	SRR1103962.3_PB1	SRR1103962.3	Aedini	PB1
SRR1103962	NA	SRR1103962.3_PA	SRR1103962.3	Aedini	PA
SRR1103962	18.19	SRR1103962.3_NP	SRR1103962.3	Aedini	NP
SRR1103962	NA	SRR1103962.3_HP3	SRR1103962.3	Aedini	HP3
SRR1103962	NA	SRR1103962.3_HP2	SRR1103962.3	Aedini	HP2
SRR1103962	NA	SRR1103962.3_HP1	SRR1103962.3	Aedini	HP1
SRR1103962	NA	SRR1103962.3_GP	SRR1103962.3	Aedini	GP
SRR1103964	99.54	SRR1103964.1_PB2	SRR1103964.1	Aedini	PB2
SRR1103964	93.45	SRR1103964.1_PB1	SRR1103964.1	Aedini	PB1
SRR1103964	100	SRR1103964.1_PA	SRR1103964.1	Aedini	PA
SRR1103964	100	SRR1103964.1_NP	SRR1103964.1	Aedini	NP
SRR1103964	100	SRR1103964.1_HP3	SRR1103964.1	Aedini	HP3
SRR1103964	100	SRR1103964.1_HP2	SRR1103964.1	Aedini	HP2
SRR1103964	100	SRR1103964.1_HP1	SRR1103964.1	Aedini	HP1
SRR1103964	100	SRR1103964.1_GP	SRR1103964.1	Aedini	GP
SRR1103964	NA	SRR1103964.2_PB2	SRR1103964.2	Aedini	PB2
SRR1103964	13.47	SRR1103964.2_PB1	SRR1103964.2	Aedini	PB1
SRR1103964	NA	SRR1103964.2_PA	SRR1103964.2	Aedini	PA
SRR1103964	47.57	SRR1103964.2_NP	SRR1103964.2	Aedini	NP
SRR1103964	NA	SRR1103964.2_HP3	SRR1103964.2	Aedini	HP3
SRR1103964	NA	SRR1103964.2_HP2	SRR1103964.2	Aedini	HP2
SRR1103964	NA	SRR1103964.2_HP1	SRR1103964.2	Aedini	HP1
SRR1103964	7.49	SRR1103964.2_GP	SRR1103964.2	Aedini	GP
SRR1103964	NA	SRR1103964.3_PB2	SRR1103964.3	Aedini	PB2
SRR1103964	NA	SRR1103964.3_PB1	SRR1103964.3	Aedini	PB1
SRR1103964	NA	SRR1103964.3_PA	SRR1103964.3	Aedini	PA
SRR1103964	31.76	SRR1103964.3_NP	SRR1103964.3	Aedini	NP
SRR1103964	NA	SRR1103964.3_HP3	SRR1103964.3	Aedini	HP3
SRR1103964	NA	SRR1103964.3_HP2	SRR1103964.3	Aedini	HP2
SRR1103964	NA	SRR1103964.3_HP1	SRR1103964.3	Aedini	HP1
SRR1103964	NA	SRR1103964.3_GP	SRR1103964.3	Aedini	GP
SRR1817172	NA	SRR1817172.1_PB2	SRR1817172.1	Aedini	PB2
SRR1817172	NA	SRR1817172.1_PB1	SRR1817172.1	Aedini	PB1
SRR1817172	NA	SRR1817172.1_PA	SRR1817172.1	Aedini	PA
SRR1817172	42.89	SRR1817172.1_NP	SRR1817172.1	Aedini	NP
SRR1817172	NA	SRR1817172.1_HP3	SRR1817172.1	Aedini	HP3
SRR1817172	NA	SRR1817172.1_HP2	SRR1817172.1	Aedini	HP2
SRR1817172	NA	SRR1817172.1_HP1	SRR1817172.1	Aedini	HP1
SRR1817172	NA	SRR1817172.1_GP	SRR1817172.1	Aedini	GP
SRR1817172	NA	SRR1817172.2_PB2	SRR1817172.2	Aedini	PB2
SRR1817172	NA	SRR1817172.2_PB1	SRR1817172.2	Aedini	PB1
SRR1817172	NA	SRR1817172.2_PA	SRR1817172.2	Aedini	PA
SRR1817172	38.28	SRR1817172.2_NP	SRR1817172.2	Aedini	NP
SRR1817172	NA	SRR1817172.2_HP3	SRR1817172.2	Aedini	HP3
SRR1817172	NA	SRR1817172.2_HP2	SRR1817172.2	Aedini	HP2
SRR1817172	NA	SRR1817172.2_HP1	SRR1817172.2	Aedini	HP1
SRR1817172	NA	SRR1817172.2_GP	SRR1817172.2	Aedini	GP
SRR1817173	NA	SRR1817173.1_PB2	SRR1817173.1	Aedini	PB2
SRR1817173	NA	SRR1817173.1_PB1	SRR1817173.1	Aedini	PB1
SRR1817173	NA	SRR1817173.1_PA	SRR1817173.1	Aedini	PA
SRR1817173	24.43	SRR1817173.1_NP	SRR1817173.1	Aedini	NP
SRR1817173	NA	SRR1817173.1_HP3	SRR1817173.1	Aedini	HP3
SRR1817173	NA	SRR1817173.1_HP2	SRR1817173.1	Aedini	HP2
SRR1817173	NA	SRR1817173.1_HP1	SRR1817173.1	Aedini	HP1
SRR1817173	NA	SRR1817173.1_GP	SRR1817173.1	Aedini	GP
SRR1817173	NA	SRR1817173.2_PB2	SRR1817173.2	Aedini	PB2
SRR1817173	NA	SRR1817173.2_PB1	SRR1817173.2	Aedini	PB1
SRR1817173	NA	SRR1817173.2_PA	SRR1817173.2	Aedini	PA
SRR1817173	21.57	SRR1817173.2_NP	SRR1817173.2	Aedini	NP
SRR1817173	NA	SRR1817173.2_HP3	SRR1817173.2	Aedini	HP3
SRR1817173	NA	SRR1817173.2_HP2	SRR1817173.2	Aedini	HP2
SRR1817173	NA	SRR1817173.2_HP1	SRR1817173.2	Aedini	HP1
SRR1817173	NA	SRR1817173.2_GP	SRR1817173.2	Aedini	GP
SRR18286777	99.87	SRR18286777.1_PB2	SRR18286777.1	Aedini	PB2
SRR18286777	76.82	SRR18286777.1_PB1	SRR18286777.1	Aedini	PB1
SRR18286777	84.3	SRR18286777.1_PA	SRR18286777.1	Aedini	PA
SRR18286777	90.73	SRR18286777.1_NP	SRR18286777.1	Aedini	NP
SRR18286777	93.48	SRR18286777.1_HP3	SRR18286777.1	Aedini	HP3
SRR18286777	96.15	SRR18286777.1_HP2	SRR18286777.1	Aedini	HP2
SRR18286777	99.1	SRR18286777.1_HP1	SRR18286777.1	Aedini	HP1
SRR18286777	47.19	SRR18286777.1_GP	SRR18286777.1	Aedini	GP
SRR18286777	NA	SRR18286777.2_PB2	SRR18286777.2	Aedini	PB2
SRR18286777	NA	SRR18286777.2_PB1	SRR18286777.2	Aedini	PB1
SRR18286777	NA	SRR18286777.2_PA	SRR18286777.2	Aedini	PA
SRR18286777	NA	SRR18286777.2_NP	SRR18286777.2	Aedini	NP
SRR18286777	NA	SRR18286777.2_HP3	SRR18286777.2	Aedini	HP3
SRR18286777	NA	SRR18286777.2_HP2	SRR18286777.2	Aedini	HP2
SRR18286777	NA	SRR18286777.2_HP1	SRR18286777.2	Aedini	HP1
SRR18286777	24.12	SRR18286777.2_GP	SRR18286777.2	Aedini	GP
SRR18286780	84.35	SRR18286780.1_PB2	SRR18286780.1	Aedini	PB2
SRR18286780	57.77	SRR18286780.1_PB1	SRR18286780.1	Aedini	PB1
SRR18286780	83.7	SRR18286780.1_PA	SRR18286780.1	Aedini	PA
SRR18286780	95.43	SRR18286780.1_NP	SRR18286780.1	Aedini	NP
SRR18286780	92.03	SRR18286780.1_HP3	SRR18286780.1	Aedini	HP3
SRR18286780	65.32	SRR18286780.1_HP2	SRR18286780.1	Aedini	HP2
SRR18286780	91.89	SRR18286780.1_HP1	SRR18286780.1	Aedini	HP1
SRR18286780	32.02	SRR18286780.1_GP	SRR18286780.1	Aedini	GP
SRR18286780	NA	SRR18286780.2_PB2	SRR18286780.2	Aedini	PB2
SRR18286780	NA	SRR18286780.2_PB1	SRR18286780.2	Aedini	PB1
SRR18286780	NA	SRR18286780.2_PA	SRR18286780.2	Aedini	PA
SRR18286780	18.27	SRR18286780.2_NP	SRR18286780.2	Aedini	NP
SRR18286780	NA	SRR18286780.2_HP3	SRR18286780.2	Aedini	HP3
SRR18286780	NA	SRR18286780.2_HP2	SRR18286780.2	Aedini	HP2
SRR18286780	NA	SRR18286780.2_HP1	SRR18286780.2	Aedini	HP1
SRR18286780	28.9	SRR18286780.2_GP	SRR18286780.2	Aedini	GP
SRR18286780	NA	SRR18286780.3_PB2	SRR18286780.3	Aedini	PB2
SRR18286780	NA	SRR18286780.3_PB1	SRR18286780.3	Aedini	PB1
SRR18286780	NA	SRR18286780.3_PA	SRR18286780.3	Aedini	PA
SRR18286780	NA	SRR18286780.3_NP	SRR18286780.3	Aedini	NP
SRR18286780	NA	SRR18286780.3_HP3	SRR18286780.3	Aedini	HP3
SRR18286780	NA	SRR18286780.3_HP2	SRR18286780.3	Aedini	HP2
SRR18286780	NA	SRR18286780.3_HP1	SRR18286780.3	Aedini	HP1
SRR18286780	18.5	SRR18286780.3_GP	SRR18286780.3	Aedini	GP
SRR18286785	87.52	SRR18286785.1_PB2	SRR18286785.1	Aedini	PB2
SRR18286785	81.83	SRR18286785.1_PB1	SRR18286785.1	Aedini	PB1
SRR18286785	79.81	SRR18286785.1_PA	SRR18286785.1	Aedini	PA
SRR18286785	50.43	SRR18286785.1_NP	SRR18286785.1	Aedini	NP
SRR18286785	54.35	SRR18286785.1_HP3	SRR18286785.1	Aedini	HP3
SRR18286785	73.56	SRR18286785.1_HP2	SRR18286785.1	Aedini	HP2
SRR18286785	97.3	SRR18286785.1_HP1	SRR18286785.1	Aedini	HP1
SRR18286785	61.95	SRR18286785.1_GP	SRR18286785.1	Aedini	GP
SRR3213869	NA	SRR3213869.1_PB2	SRR3213869.1	Aedini	PB2
SRR3213869	NA	SRR3213869.1_PB1	SRR3213869.1	Aedini	PB1
SRR3213869	6.06	SRR3213869.1_PA	SRR3213869.1	Aedini	PA
SRR3213869	42.82	SRR3213869.1_NP	SRR3213869.1	Aedini	NP
SRR3213869	100	SRR3213869.1_HP3	SRR3213869.1	Aedini	HP3
SRR3213869	61.17	SRR3213869.1_HP2	SRR3213869.1	Aedini	HP2
SRR3213869	96.57	SRR3213869.1_HP1	SRR3213869.1	Aedini	HP1
SRR3213869	49.01	SRR3213869.1_GP	SRR3213869.1	Aedini	GP
SRR3213869	NA	SRR3213869.2_PB2	SRR3213869.2	Aedini	PB2
SRR3213869	NA	SRR3213869.2_PB1	SRR3213869.2	Aedini	PB1
SRR3213869	NA	SRR3213869.2_PA	SRR3213869.2	Aedini	PA
SRR3213869	34.11	SRR3213869.2_NP	SRR3213869.2	Aedini	NP
SRR3213869	NA	SRR3213869.2_HP3	SRR3213869.2	Aedini	HP3
SRR3213869	NA	SRR3213869.2_HP2	SRR3213869.2	Aedini	HP2
SRR3213869	NA	SRR3213869.2_HP1	SRR3213869.2	Aedini	HP1
SRR3213869	NA	SRR3213869.2_GP	SRR3213869.2	Aedini	GP
SRR3213869	NA	SRR3213869.3_PB2	SRR3213869.3	Aedini	PB2
SRR3213869	NA	SRR3213869.3_PB1	SRR3213869.3	Aedini	PB1
SRR3213869	NA	SRR3213869.3_PA	SRR3213869.3	Aedini	PA
SRR3213869	21.28	SRR3213869.3_NP	SRR3213869.3	Aedini	NP
SRR3213869	NA	SRR3213869.3_HP3	SRR3213869.3	Aedini	HP3
SRR3213869	NA	SRR3213869.3_HP2	SRR3213869.3	Aedini	HP2
SRR3213869	NA	SRR3213869.3_HP1	SRR3213869.3	Aedini	HP1
SRR3213869	NA	SRR3213869.3_GP	SRR3213869.3	Aedini	GP
SRR5084177	NA	SRR5084177.1_PB2	SRR5084177.1	Aedini	PB2
SRR5084177	NA	SRR5084177.1_PB1	SRR5084177.1	Aedini	PB1
SRR5084177	NA	SRR5084177.1_PA	SRR5084177.1	Aedini	PA
SRR5084177	29.03	SRR5084177.1_NP	SRR5084177.1	Aedini	NP
SRR5084177	NA	SRR5084177.1_HP3	SRR5084177.1	Aedini	HP3
SRR5084177	NA	SRR5084177.1_HP2	SRR5084177.1	Aedini	HP2
SRR5084177	14.59	SRR5084177.1_HP1	SRR5084177.1	Aedini	HP1
SRR5084177	NA	SRR5084177.1_GP	SRR5084177.1	Aedini	GP
SRR5084177	NA	SRR5084177.2_PB2	SRR5084177.2	Aedini	PB2
SRR5084177	NA	SRR5084177.2_PB1	SRR5084177.2	Aedini	PB1
SRR5084177	NA	SRR5084177.2_PA	SRR5084177.2	Aedini	PA
SRR5084177	21.8	SRR5084177.2_NP	SRR5084177.2	Aedini	NP
SRR5084177	NA	SRR5084177.2_HP3	SRR5084177.2	Aedini	HP3
SRR5084177	NA	SRR5084177.2_HP2	SRR5084177.2	Aedini	HP2
SRR5084177	NA	SRR5084177.2_HP1	SRR5084177.2	Aedini	HP1
SRR5084177	NA	SRR5084177.2_GP	SRR5084177.2	Aedini	GP
SRR5084177	NA	SRR5084177.3_PB2	SRR5084177.3	Aedini	PB2
SRR5084177	NA	SRR5084177.3_PB1	SRR5084177.3	Aedini	PB1
SRR5084177	NA	SRR5084177.3_PA	SRR5084177.3	Aedini	PA
SRR5084177	7.29	SRR5084177.3_NP	SRR5084177.3	Aedini	NP
SRR5084177	NA	SRR5084177.3_HP3	SRR5084177.3	Aedini	HP3
SRR5084177	NA	SRR5084177.3_HP2	SRR5084177.3	Aedini	HP2
SRR5084177	NA	SRR5084177.3_HP1	SRR5084177.3	Aedini	HP1
SRR5084177	NA	SRR5084177.3_GP	SRR5084177.3	Aedini	GP
SRR5084180	NA	SRR5084180.1_PB2	SRR5084180.1	Aedini	PB2
SRR5084180	NA	SRR5084180.1_PB1	SRR5084180.1	Aedini	PB1
SRR5084180	NA	SRR5084180.1_PA	SRR5084180.1	Aedini	PA
SRR5084180	40	SRR5084180.1_NP	SRR5084180.1	Aedini	NP
SRR5084180	NA	SRR5084180.1_HP3	SRR5084180.1	Aedini	HP3
SRR5084180	NA	SRR5084180.1_HP2	SRR5084180.1	Aedini	HP2
SRR5084180	NA	SRR5084180.1_HP1	SRR5084180.1	Aedini	HP1
SRR5084180	NA	SRR5084180.1_GP	SRR5084180.1	Aedini	GP
SRR5084180	NA	SRR5084180.2_PB2	SRR5084180.2	Aedini	PB2
SRR5084180	NA	SRR5084180.2_PB1	SRR5084180.2	Aedini	PB1
SRR5084180	NA	SRR5084180.2_PA	SRR5084180.2	Aedini	PA
SRR5084180	32.57	SRR5084180.2_NP	SRR5084180.2	Aedini	NP
SRR5084180	NA	SRR5084180.2_HP3	SRR5084180.2	Aedini	HP3
SRR5084180	NA	SRR5084180.2_HP2	SRR5084180.2	Aedini	HP2
SRR5084180	NA	SRR5084180.2_HP1	SRR5084180.2	Aedini	HP1
SRR5084180	NA	SRR5084180.2_GP	SRR5084180.2	Aedini	GP
SRR5084180	NA	SRR5084180.3_PB2	SRR5084180.3	Aedini	PB2
SRR5084180	NA	SRR5084180.3_PB1	SRR5084180.3	Aedini	PB1
SRR5084180	NA	SRR5084180.3_PA	SRR5084180.3	Aedini	PA
SRR5084180	24.25	SRR5084180.3_NP	SRR5084180.3	Aedini	NP
SRR5084180	NA	SRR5084180.3_HP3	SRR5084180.3	Aedini	HP3
SRR5084180	NA	SRR5084180.3_HP2	SRR5084180.3	Aedini	HP2
SRR5084180	NA	SRR5084180.3_HP1	SRR5084180.3	Aedini	HP1
SRR5084180	NA	SRR5084180.3_GP	SRR5084180.3	Aedini	GP
SRR5665565	100	SRR5665565.1_PB2	SRR5665565.1	Aedini	PB2
SRR5665565	100	SRR5665565.1_PB1	SRR5665565.1	Aedini	PB1
SRR5665565	100	SRR5665565.1_PA	SRR5665565.1	Aedini	PA
SRR5665565	100	SRR5665565.1_NP	SRR5665565.1	Aedini	NP
SRR5665565	100	SRR5665565.1_HP3	SRR5665565.1	Aedini	HP3
SRR5665565	NA	SRR5665565.1_HP2	SRR5665565.1	Aedini	HP2
SRR5665565	100	SRR5665565.1_HP1	SRR5665565.1	Aedini	HP1
SRR5665565	100	SRR5665565.1_GP	SRR5665565.1	Aedini	GP
SRR5665565	4.66	SRR5665565.2_PB2	SRR5665565.2	Aedini	PB2
SRR5665565	4.42	SRR5665565.2_PB1	SRR5665565.2	Aedini	PB1
SRR5665565	4.83	SRR5665565.2_PA	SRR5665565.2	Aedini	PA
SRR5665565	NA	SRR5665565.2_NP	SRR5665565.2	Aedini	NP
SRR5665565	NA	SRR5665565.2_HP3	SRR5665565.2	Aedini	HP3
SRR5665565	NA	SRR5665565.2_HP2	SRR5665565.2	Aedini	HP2
SRR5665565	NA	SRR5665565.2_HP1	SRR5665565.2	Aedini	HP1
SRR5665565	NA	SRR5665565.2_GP	SRR5665565.2	Aedini	GP
SRR5665568	4.45	SRR5665568.1_PB2	SRR5665568.1	Aedini	PB2
SRR5665568	NA	SRR5665568.1_PB1	SRR5665568.1	Aedini	PB1
SRR5665568	NA	SRR5665568.1_PA	SRR5665568.1	Aedini	PA
SRR5665568	100	SRR5665568.1_NP	SRR5665568.1	Aedini	NP
SRR5665568	NA	SRR5665568.1_HP3	SRR5665568.1	Aedini	HP3
SRR5665568	20.81	SRR5665568.1_HP2	SRR5665568.1	Aedini	HP2
SRR5665568	NA	SRR5665568.1_HP1	SRR5665568.1	Aedini	HP1
SRR5665568	NA	SRR5665568.1_GP	SRR5665568.1	Aedini	GP
SRR5665568	NA	SRR5665568.2_PB2	SRR5665568.2	Aedini	PB2
SRR5665568	NA	SRR5665568.2_PB1	SRR5665568.2	Aedini	PB1
SRR5665568	NA	SRR5665568.2_PA	SRR5665568.2	Aedini	PA
SRR5665568	35.27	SRR5665568.2_NP	SRR5665568.2	Aedini	NP
SRR5665568	NA	SRR5665568.2_HP3	SRR5665568.2	Aedini	HP3
SRR5665568	NA	SRR5665568.2_HP2	SRR5665568.2	Aedini	HP2
SRR5665568	NA	SRR5665568.2_HP1	SRR5665568.2	Aedini	HP1
SRR5665568	NA	SRR5665568.2_GP	SRR5665568.2	Aedini	GP
SRR5665568	NA	SRR5665568.3_PB2	SRR5665568.3	Aedini	PB2
SRR5665568	NA	SRR5665568.3_PB1	SRR5665568.3	Aedini	PB1
SRR5665568	NA	SRR5665568.3_PA	SRR5665568.3	Aedini	PA
SRR5665568	29.98	SRR5665568.3_NP	SRR5665568.3	Aedini	NP
SRR5665568	NA	SRR5665568.3_HP3	SRR5665568.3	Aedini	HP3
SRR5665568	NA	SRR5665568.3_HP2	SRR5665568.3	Aedini	HP2
SRR5665568	NA	SRR5665568.3_HP1	SRR5665568.3	Aedini	HP1
SRR5665568	NA	SRR5665568.3_GP	SRR5665568.3	Aedini	GP
SRR5665570	8.86	SRR5665570.1_PB2	SRR5665570.1	Aedini	PB2
SRR5665570	4.21	SRR5665570.1_PB1	SRR5665570.1	Aedini	PB1
SRR5665570	6.87	SRR5665570.1_PA	SRR5665570.1	Aedini	PA
SRR5665570	41.62	SRR5665570.1_NP	SRR5665570.1	Aedini	NP
SRR5665570	NA	SRR5665570.1_HP3	SRR5665570.1	Aedini	HP3
SRR5665570	NA	SRR5665570.1_HP2	SRR5665570.1	Aedini	HP2
SRR5665570	NA	SRR5665570.1_HP1	SRR5665570.1	Aedini	HP1
SRR5665570	NA	SRR5665570.1_GP	SRR5665570.1	Aedini	GP
SRR5665570	NA	SRR5665570.2_PB2	SRR5665570.2	Aedini	PB2
SRR5665570	NA	SRR5665570.2_PB1	SRR5665570.2	Aedini	PB1
SRR5665570	NA	SRR5665570.2_PA	SRR5665570.2	Aedini	PA
SRR5665570	34.65	SRR5665570.2_NP	SRR5665570.2	Aedini	NP
SRR5665570	NA	SRR5665570.2_HP3	SRR5665570.2	Aedini	HP3
SRR5665570	NA	SRR5665570.2_HP2	SRR5665570.2	Aedini	HP2
SRR5665570	NA	SRR5665570.2_HP1	SRR5665570.2	Aedini	HP1
SRR5665570	NA	SRR5665570.2_GP	SRR5665570.2	Aedini	GP
SRR5665570	NA	SRR5665570.3_PB2	SRR5665570.3	Aedini	PB2
SRR5665570	NA	SRR5665570.3_PB1	SRR5665570.3	Aedini	PB1
SRR5665570	NA	SRR5665570.3_PA	SRR5665570.3	Aedini	PA
SRR5665570	30.66	SRR5665570.3_NP	SRR5665570.3	Aedini	NP
SRR5665570	NA	SRR5665570.3_HP3	SRR5665570.3	Aedini	HP3
SRR5665570	NA	SRR5665570.3_HP2	SRR5665570.3	Aedini	HP2
SRR5665570	NA	SRR5665570.3_HP1	SRR5665570.3	Aedini	HP1
SRR5665570	NA	SRR5665570.3_GP	SRR5665570.3	Aedini	GP
SRR5665573	NA	SRR5665573.1_PB2	SRR5665573.1	Aedini	PB2
SRR5665573	NA	SRR5665573.1_PB1	SRR5665573.1	Aedini	PB1
SRR5665573	NA	SRR5665573.1_PA	SRR5665573.1	Aedini	PA
SRR5665573	100	SRR5665573.1_NP	SRR5665573.1	Aedini	NP
SRR5665573	NA	SRR5665573.1_HP3	SRR5665573.1	Aedini	HP3
SRR5665573	NA	SRR5665573.1_HP2	SRR5665573.1	Aedini	HP2
SRR5665573	18.42	SRR5665573.1_HP1	SRR5665573.1	Aedini	HP1
SRR5665573	NA	SRR5665573.1_GP	SRR5665573.1	Aedini	GP
SRR5665573	NA	SRR5665573.2_PB2	SRR5665573.2	Aedini	PB2
SRR5665573	NA	SRR5665573.2_PB1	SRR5665573.2	Aedini	PB1
SRR5665573	NA	SRR5665573.2_PA	SRR5665573.2	Aedini	PA
SRR5665573	15.36	SRR5665573.2_NP	SRR5665573.2	Aedini	NP
SRR5665573	NA	SRR5665573.2_HP3	SRR5665573.2	Aedini	HP3
SRR5665573	NA	SRR5665573.2_HP2	SRR5665573.2	Aedini	HP2
SRR5665573	NA	SRR5665573.2_HP1	SRR5665573.2	Aedini	HP1
SRR5665573	NA	SRR5665573.2_GP	SRR5665573.2	Aedini	GP
SRR5665573	NA	SRR5665573.3_PB2	SRR5665573.3	Aedini	PB2
SRR5665573	NA	SRR5665573.3_PB1	SRR5665573.3	Aedini	PB1
SRR5665573	NA	SRR5665573.3_PA	SRR5665573.3	Aedini	PA
SRR5665573	11.39	SRR5665573.3_NP	SRR5665573.3	Aedini	NP
SRR5665573	NA	SRR5665573.3_HP3	SRR5665573.3	Aedini	HP3
SRR5665573	NA	SRR5665573.3_HP2	SRR5665573.3	Aedini	HP2
SRR5665573	NA	SRR5665573.3_HP1	SRR5665573.3	Aedini	HP1
SRR5665573	NA	SRR5665573.3_GP	SRR5665573.3	Aedini	GP
SRR5665575	NA	SRR5665575.1_PB2	SRR5665575.1	Aedini	PB2
SRR5665575	NA	SRR5665575.1_PB1	SRR5665575.1	Aedini	PB1
SRR5665575	NA	SRR5665575.1_PA	SRR5665575.1	Aedini	PA
SRR5665575	95.72	SRR5665575.1_NP	SRR5665575.1	Aedini	NP
SRR5665575	NA	SRR5665575.1_HP3	SRR5665575.1	Aedini	HP3
SRR5665575	NA	SRR5665575.1_HP2	SRR5665575.1	Aedini	HP2
SRR5665575	NA	SRR5665575.1_HP1	SRR5665575.1	Aedini	HP1
SRR5665575	NA	SRR5665575.1_GP	SRR5665575.1	Aedini	GP
SRR5665575	NA	SRR5665575.2_PB2	SRR5665575.2	Aedini	PB2
SRR5665575	NA	SRR5665575.2_PB1	SRR5665575.2	Aedini	PB1
SRR5665575	NA	SRR5665575.2_PA	SRR5665575.2	Aedini	PA
SRR5665575	51.5	SRR5665575.2_NP	SRR5665575.2	Aedini	NP
SRR5665575	NA	SRR5665575.2_HP3	SRR5665575.2	Aedini	HP3
SRR5665575	NA	SRR5665575.2_HP2	SRR5665575.2	Aedini	HP2
SRR5665575	NA	SRR5665575.2_HP1	SRR5665575.2	Aedini	HP1
SRR5665575	NA	SRR5665575.2_GP	SRR5665575.2	Aedini	GP
SRR5665575	NA	SRR5665575.3_PB2	SRR5665575.3	Aedini	PB2
SRR5665575	NA	SRR5665575.3_PB1	SRR5665575.3	Aedini	PB1
SRR5665575	NA	SRR5665575.3_PA	SRR5665575.3	Aedini	PA
SRR5665575	33.81	SRR5665575.3_NP	SRR5665575.3	Aedini	NP
SRR5665575	NA	SRR5665575.3_HP3	SRR5665575.3	Aedini	HP3
SRR5665575	NA	SRR5665575.3_HP2	SRR5665575.3	Aedini	HP2
SRR5665575	NA	SRR5665575.3_HP1	SRR5665575.3	Aedini	HP1
SRR5665575	NA	SRR5665575.3_GP	SRR5665575.3	Aedini	GP
SRR6155879	100	SRR6155879.1_PB2	SRR6155879.1	Aedini	PB2
SRR6155879	100	SRR6155879.1_PB1	SRR6155879.1	Aedini	PB1
SRR6155879	100	SRR6155879.1_PA	SRR6155879.1	Aedini	PA
SRR6155879	100	SRR6155879.1_NP	SRR6155879.1	Aedini	NP
SRR6155879	100	SRR6155879.1_HP3	SRR6155879.1	Aedini	HP3
SRR6155879	100	SRR6155879.1_HP2	SRR6155879.1	Aedini	HP2
SRR6155879	100	SRR6155879.1_HP1	SRR6155879.1	Aedini	HP1
SRR6155879	100	SRR6155879.1_GP	SRR6155879.1	Aedini	GP
SRR6155879	NA	SRR6155879.2_PB2	SRR6155879.2	Aedini	PB2
SRR6155879	NA	SRR6155879.2_PB1	SRR6155879.2	Aedini	PB1
SRR6155879	NA	SRR6155879.2_PA	SRR6155879.2	Aedini	PA
SRR6155879	100	SRR6155879.2_NP	SRR6155879.2	Aedini	NP
SRR6155879	NA	SRR6155879.2_HP3	SRR6155879.2	Aedini	HP3
SRR6155879	NA	SRR6155879.2_HP2	SRR6155879.2	Aedini	HP2
SRR6155879	NA	SRR6155879.2_HP1	SRR6155879.2	Aedini	HP1
SRR6155879	100	SRR6155879.2_GP	SRR6155879.2	Aedini	GP
SRR6155879	NA	SRR6155879.3_PB2	SRR6155879.3	Aedini	PB2
SRR6155879	NA	SRR6155879.3_PB1	SRR6155879.3	Aedini	PB1
SRR6155879	NA	SRR6155879.3_PA	SRR6155879.3	Aedini	PA
SRR6155879	100	SRR6155879.3_NP	SRR6155879.3	Aedini	NP
SRR6155879	NA	SRR6155879.3_HP3	SRR6155879.3	Aedini	HP3
SRR6155879	NA	SRR6155879.3_HP2	SRR6155879.3	Aedini	HP2
SRR6155879	NA	SRR6155879.3_HP1	SRR6155879.3	Aedini	HP1
SRR6155879	NA	SRR6155879.3_GP	SRR6155879.3	Aedini	GP
SRR6155880	100	SRR6155880.1_PB2	SRR6155880.1	Aedini	PB2
SRR6155880	100	SRR6155880.1_PB1	SRR6155880.1	Aedini	PB1
SRR6155880	100	SRR6155880.1_PA	SRR6155880.1	Aedini	PA
SRR6155880	100	SRR6155880.1_NP	SRR6155880.1	Aedini	NP
SRR6155880	100	SRR6155880.1_HP3	SRR6155880.1	Aedini	HP3
SRR6155880	100	SRR6155880.1_HP2	SRR6155880.1	Aedini	HP2
SRR6155880	100	SRR6155880.1_HP1	SRR6155880.1	Aedini	HP1
SRR6155880	100	SRR6155880.1_GP	SRR6155880.1	Aedini	GP
SRR6155881	99.87	SRR6155881.1_PB2	SRR6155881.1	Aedini	PB2
SRR6155881	99.87	SRR6155881.1_PB1	SRR6155881.1	Aedini	PB1
SRR6155881	99.86	SRR6155881.1_PA	SRR6155881.1	Aedini	PA
SRR6155881	100	SRR6155881.1_NP	SRR6155881.1	Aedini	NP
SRR6155881	99.15	SRR6155881.1_HP3	SRR6155881.1	Aedini	HP3
SRR6155881	99.47	SRR6155881.1_HP2	SRR6155881.1	Aedini	HP2
SRR6155881	99.57	SRR6155881.1_HP1	SRR6155881.1	Aedini	HP1
SRR6155881	99.78	SRR6155881.1_GP	SRR6155881.1	Aedini	GP
SRR6155881	NA	SRR6155881.2_PB2	SRR6155881.2	Aedini	PB2
SRR6155881	5.84	SRR6155881.2_PB1	SRR6155881.2	Aedini	PB1
SRR6155881	NA	SRR6155881.2_PA	SRR6155881.2	Aedini	PA
SRR6155881	71.81	SRR6155881.2_NP	SRR6155881.2	Aedini	NP
SRR6155881	NA	SRR6155881.2_HP3	SRR6155881.2	Aedini	HP3
SRR6155881	NA	SRR6155881.2_HP2	SRR6155881.2	Aedini	HP2
SRR6155881	NA	SRR6155881.2_HP1	SRR6155881.2	Aedini	HP1
SRR6155881	93.24	SRR6155881.2_GP	SRR6155881.2	Aedini	GP
SRR6155881	NA	SRR6155881.3_PB2	SRR6155881.3	Aedini	PB2
SRR6155881	5.72	SRR6155881.3_PB1	SRR6155881.3	Aedini	PB1
SRR6155881	NA	SRR6155881.3_PA	SRR6155881.3	Aedini	PA
SRR6155881	64.16	SRR6155881.3_NP	SRR6155881.3	Aedini	NP
SRR6155881	NA	SRR6155881.3_HP3	SRR6155881.3	Aedini	HP3
SRR6155881	NA	SRR6155881.3_HP2	SRR6155881.3	Aedini	HP2
SRR6155881	NA	SRR6155881.3_HP1	SRR6155881.3	Aedini	HP1
SRR6155881	13.15	SRR6155881.3_GP	SRR6155881.3	Aedini	GP
SRR8455259	82.53	SRR8455259.1_PB2	SRR8455259.1	Aedini	PB2
SRR8455259	87.49	SRR8455259.1_PB1	SRR8455259.1	Aedini	PB1
SRR8455259	79.91	SRR8455259.1_PA	SRR8455259.1	Aedini	PA
SRR8455259	78.43	SRR8455259.1_NP	SRR8455259.1	Aedini	NP
SRR8455259	NA	SRR8455259.1_HP3	SRR8455259.1	Aedini	HP3
SRR8455259	56.66	SRR8455259.1_HP2	SRR8455259.1	Aedini	HP2
SRR8455259	73.1	SRR8455259.1_HP1	SRR8455259.1	Aedini	HP1
SRR8455259	82.64	SRR8455259.1_GP	SRR8455259.1	Aedini	GP
SRR8455259	NA	SRR8455259.2_PB2	SRR8455259.2	Aedini	PB2
SRR8455259	NA	SRR8455259.2_PB1	SRR8455259.2	Aedini	PB1
SRR8455259	3.95	SRR8455259.2_PA	SRR8455259.2	Aedini	PA
SRR8455259	NA	SRR8455259.2_NP	SRR8455259.2	Aedini	NP
SRR8455259	NA	SRR8455259.2_HP3	SRR8455259.2	Aedini	HP3
SRR8455259	NA	SRR8455259.2_HP2	SRR8455259.2	Aedini	HP2
SRR8455259	NA	SRR8455259.2_HP1	SRR8455259.2	Aedini	HP1
SRR8455259	NA	SRR8455259.2_GP	SRR8455259.2	Aedini	GP
SRR9693048	82.32	SRR9693048.1_PB2	SRR9693048.1	Aedini	PB2
SRR9693048	92.42	SRR9693048.1_PB1	SRR9693048.1	Aedini	PB1
SRR9693048	61.26	SRR9693048.1_PA	SRR9693048.1	Aedini	PA
SRR9693048	100	SRR9693048.1_NP	SRR9693048.1	Aedini	NP
SRR9693048	100	SRR9693048.1_HP3	SRR9693048.1	Aedini	HP3
SRR9693048	100	SRR9693048.1_HP2	SRR9693048.1	Aedini	HP2
SRR9693048	100	SRR9693048.1_HP1	SRR9693048.1	Aedini	HP1
SRR9693048	93.19	SRR9693048.1_GP	SRR9693048.1	Aedini	GP
SRR9693049	91.66	SRR9693049.1_PB2	SRR9693049.1	Aedini	PB2
SRR9693049	96.82	SRR9693049.1_PB1	SRR9693049.1	Aedini	PB1
SRR9693049	73.39	SRR9693049.1_PA	SRR9693049.1	Aedini	PA
SRR9693049	96.36	SRR9693049.1_NP	SRR9693049.1	Aedini	NP
SRR9693049	100	SRR9693049.1_HP3	SRR9693049.1	Aedini	HP3
SRR9693049	100	SRR9693049.1_HP2	SRR9693049.1	Aedini	HP2
SRR9693049	100	SRR9693049.1_HP1	SRR9693049.1	Aedini	HP1
SRR9693049	96.26	SRR9693049.1_GP	SRR9693049.1	Aedini	GP
SRR9693050	NA	SRR9693050.1_PB2	SRR9693050.1	Aedini	PB2
SRR9693050	12.96	SRR9693050.1_PB1	SRR9693050.1	Aedini	PB1
SRR9693050	NA	SRR9693050.1_PA	SRR9693050.1	Aedini	PA
SRR9693050	NA	SRR9693050.1_NP	SRR9693050.1	Aedini	NP
SRR9693050	NA	SRR9693050.1_HP3	SRR9693050.1	Aedini	HP3
SRR9693050	25.53	SRR9693050.1_HP2	SRR9693050.1	Aedini	HP2
SRR9693050	48.21	SRR9693050.1_HP1	SRR9693050.1	Aedini	HP1
SRR9693050	39.27	SRR9693050.1_GP	SRR9693050.1	Aedini	GP
SRR9693051	96.54	SRR9693051.1_PB2	SRR9693051.1	Aedini	PB2
SRR9693051	90	SRR9693051.1_PB1	SRR9693051.1	Aedini	PB1
SRR9693051	89.66	SRR9693051.1_PA	SRR9693051.1	Aedini	PA
SRR9693051	94.15	SRR9693051.1_NP	SRR9693051.1	Aedini	NP
SRR9693051	88.6	SRR9693051.1_HP3	SRR9693051.1	Aedini	HP3
SRR9693051	100	SRR9693051.1_HP2	SRR9693051.1	Aedini	HP2
SRR9693051	91.42	SRR9693051.1_HP1	SRR9693051.1	Aedini	HP1
SRR9693051	99.49	SRR9693051.1_GP	SRR9693051.1	Aedini	GP
SRR9693052	100	SRR9693052.1_PB2	SRR9693052.1	Aedini	PB2
SRR9693052	100	SRR9693052.1_PB1	SRR9693052.1	Aedini	PB1
SRR9693052	100	SRR9693052.1_PA	SRR9693052.1	Aedini	PA
SRR9693052	100	SRR9693052.1_NP	SRR9693052.1	Aedini	NP
SRR9693052	100	SRR9693052.1_HP3	SRR9693052.1	Aedini	HP3
SRR9693052	100	SRR9693052.1_HP2	SRR9693052.1	Aedini	HP2
SRR9693052	100	SRR9693052.1_HP1	SRR9693052.1	Aedini	HP1
SRR9693052	100	SRR9693052.1_GP	SRR9693052.1	Aedini	GP
SRR9693053	100	SRR9693053.1_PB2	SRR9693053.1	Aedini	PB2
SRR9693053	100	SRR9693053.1_PB1	SRR9693053.1	Aedini	PB1
SRR9693053	100	SRR9693053.1_PA	SRR9693053.1	Aedini	PA
SRR9693053	100	SRR9693053.1_NP	SRR9693053.1	Aedini	NP
SRR9693053	100	SRR9693053.1_HP3	SRR9693053.1	Aedini	HP3
SRR9693053	100	SRR9693053.1_HP2	SRR9693053.1	Aedini	HP2
SRR9693053	100	SRR9693053.1_HP1	SRR9693053.1	Aedini	HP1
SRR9693053	100	SRR9693053.1_GP	SRR9693053.1	Aedini	GP
SRR9693054	72.14	SRR9693054.1_PB2	SRR9693054.1	Aedini	PB2
SRR9693054	90.51	SRR9693054.1_PB1	SRR9693054.1	Aedini	PB1
SRR9693054	34.51	SRR9693054.1_PA	SRR9693054.1	Aedini	PA
SRR9693054	66.13	SRR9693054.1_NP	SRR9693054.1	Aedini	NP
SRR9693054	98.86	SRR9693054.1_HP3	SRR9693054.1	Aedini	HP3
SRR9693054	92.2	SRR9693054.1_HP2	SRR9693054.1	Aedini	HP2
SRR9693054	45.14	SRR9693054.1_HP1	SRR9693054.1	Aedini	HP1
SRR9693054	61.03	SRR9693054.1_GP	SRR9693054.1	Aedini	GP
SRR9693055	100	SRR9693055.1_PB2	SRR9693055.1	Aedini	PB2
SRR9693055	100	SRR9693055.1_PB1	SRR9693055.1	Aedini	PB1
SRR9693055	100	SRR9693055.1_PA	SRR9693055.1	Aedini	PA
SRR9693055	100	SRR9693055.1_NP	SRR9693055.1	Aedini	NP
SRR9693055	100	SRR9693055.1_HP3	SRR9693055.1	Aedini	HP3
SRR9693055	100	SRR9693055.1_HP2	SRR9693055.1	Aedini	HP2
SRR9693055	100	SRR9693055.1_HP1	SRR9693055.1	Aedini	HP1
SRR9693055	100	SRR9693055.1_GP	SRR9693055.1	Aedini	GP
SRR6489870	NA	SRR6489870.3_PB2	SRR6489870.3	Aedini	PB2
SRR6489870	NA	SRR6489870.3_PB1	SRR6489870.3	Aedini	PB1
SRR6489870	NA	SRR6489870.3_PA	SRR6489870.3	Aedini	PA
SRR6489870	28.26	SRR6489870.3_NP	SRR6489870.3	Aedini	NP
SRR6489870	NA	SRR6489870.3_HP3	SRR6489870.3	Aedini	HP3
SRR6489870	NA	SRR6489870.3_HP2	SRR6489870.3	Aedini	HP2
SRR6489870	NA	SRR6489870.3_HP1	SRR6489870.3	Aedini	HP1
SRR6489870	NA	SRR6489870.3_GP	SRR6489870.3	Aedini	GP
SRR6489870	NA	SRR6489870.2_PB2	SRR6489870.2	Aedini	PB2
SRR6489870	NA	SRR6489870.2_PB1	SRR6489870.2	Aedini	PB1
SRR6489870	NA	SRR6489870.2_PA	SRR6489870.2	Aedini	PA
SRR6489870	36.86	SRR6489870.2_NP	SRR6489870.2	Aedini	NP
SRR6489870	NA	SRR6489870.2_HP3	SRR6489870.2	Aedini	HP3
SRR6489870	NA	SRR6489870.2_HP2	SRR6489870.2	Aedini	HP2
SRR6489870	NA	SRR6489870.2_HP1	SRR6489870.2	Aedini	HP1
SRR6489870	NA	SRR6489870.2_GP	SRR6489870.2	Aedini	GP
SRR6489870	100	SRR6489870.1_PB2	SRR6489870.1	Aedini	PB2
SRR6489870	100	SRR6489870.1_PB1	SRR6489870.1	Aedini	PB1
SRR6489870	NA	SRR6489870.1_PA	SRR6489870.1	Aedini	PA
SRR6489870	100	SRR6489870.1_NP	SRR6489870.1	Aedini	NP
SRR6489870	100	SRR6489870.1_HP3	SRR6489870.1	Aedini	HP3
SRR6489870	100	SRR6489870.1_HP2	SRR6489870.1	Aedini	HP2
SRR6489870	100	SRR6489870.1_HP1	SRR6489870.1	Aedini	HP1
SRR6489870	96.7	SRR6489870.1_GP	SRR6489870.1	Aedini	GP
SRR6489876	NA	SRR6489876.3_PB2	SRR6489876.3	Aedini	PB2
SRR6489876	NA	SRR6489876.3_PB1	SRR6489876.3	Aedini	PB1
SRR6489876	NA	SRR6489876.3_PA	SRR6489876.3	Aedini	PA
SRR6489876	33.86	SRR6489876.3_NP	SRR6489876.3	Aedini	NP
SRR6489876	NA	SRR6489876.3_HP3	SRR6489876.3	Aedini	HP3
SRR6489876	NA	SRR6489876.3_HP2	SRR6489876.3	Aedini	HP2
SRR6489876	NA	SRR6489876.3_HP1	SRR6489876.3	Aedini	HP1
SRR6489876	NA	SRR6489876.3_GP	SRR6489876.3	Aedini	GP
SRR6489876	99.73	SRR6489876.2_PB2	SRR6489876.2	Aedini	PB2
SRR6489876	97.72	SRR6489876.2_PB1	SRR6489876.2	Aedini	PB1
SRR6489876	NA	SRR6489876.2_PA	SRR6489876.2	Aedini	PA
SRR6489876	88.61	SRR6489876.2_NP	SRR6489876.2	Aedini	NP
SRR6489876	53.49	SRR6489876.2_HP3	SRR6489876.2	Aedini	HP3
SRR6489876	82.45	SRR6489876.2_HP2	SRR6489876.2	Aedini	HP2
SRR6489876	22.17	SRR6489876.2_HP1	SRR6489876.2	Aedini	HP1
SRR6489876	99.12	SRR6489876.2_GP	SRR6489876.2	Aedini	GP
SRR6489876	100.13	SRR6489876.1_PB2	SRR6489876.1	Aedini	PB2
SRR6489876	100	SRR6489876.1_PB1	SRR6489876.1	Aedini	PB1
SRR6489876	98.61	SRR6489876.1_PA	SRR6489876.1	Aedini	PA
SRR6489876	100	SRR6489876.1_NP	SRR6489876.1	Aedini	NP
SRR6489876	100	SRR6489876.1_HP3	SRR6489876.1	Aedini	HP3
SRR6489876	82.45	SRR6489876.1_HP2	SRR6489876.1	Aedini	HP2
SRR6489876	99.57	SRR6489876.1_HP1	SRR6489876.1	Aedini	HP1
SRR6489876	99.79	SRR6489876.1_GP	SRR6489876.1	Aedini	GP
SRR6489877	NA	SRR6489877.3_PB2	SRR6489877.3	Aedini	PB2
SRR6489877	NA	SRR6489877.3_PB1	SRR6489877.3	Aedini	PB1
SRR6489877	NA	SRR6489877.3_PA	SRR6489877.3	Aedini	PA
SRR6489877	32.63	SRR6489877.3_NP	SRR6489877.3	Aedini	NP
SRR6489877	NA	SRR6489877.3_HP3	SRR6489877.3	Aedini	HP3
SRR6489877	NA	SRR6489877.3_HP2	SRR6489877.3	Aedini	HP2
SRR6489877	NA	SRR6489877.3_HP1	SRR6489877.3	Aedini	HP1
SRR6489877	NA	SRR6489877.3_GP	SRR6489877.3	Aedini	GP
SRR6489877	NA	SRR6489877.2_PB2	SRR6489877.2	Aedini	PB2
SRR6489877	NA	SRR6489877.2_PB1	SRR6489877.2	Aedini	PB1
SRR6489877	NA	SRR6489877.2_PA	SRR6489877.2	Aedini	PA
SRR6489877	56.03	SRR6489877.2_NP	SRR6489877.2	Aedini	NP
SRR6489877	NA	SRR6489877.2_HP3	SRR6489877.2	Aedini	HP3
SRR6489877	NA	SRR6489877.2_HP2	SRR6489877.2	Aedini	HP2
SRR6489877	NA	SRR6489877.2_HP1	SRR6489877.2	Aedini	HP1
SRR6489877	NA	SRR6489877.2_GP	SRR6489877.2	Aedini	GP
SRR6489877	99.78	SRR6489877.1_PB2	SRR6489877.1	Aedini	PB2
SRR6489877	99.34	SRR6489877.1_PB1	SRR6489877.1	Aedini	PB1
SRR6489877	NA	SRR6489877.1_PA	SRR6489877.1	Aedini	PA
SRR6489877	99.81	SRR6489877.1_NP	SRR6489877.1	Aedini	NP
SRR6489877	99.15	SRR6489877.1_HP3	SRR6489877.1	Aedini	HP3
SRR6489877	82.45	SRR6489877.1_HP2	SRR6489877.1	Aedini	HP2
SRR6489877	99.57	SRR6489877.1_HP1	SRR6489877.1	Aedini	HP1
SRR6489877	99.12	SRR6489877.1_GP	SRR6489877.1	Aedini	GP
SRR6489878	NA	SRR6489878.3_PB2	SRR6489878.3	Aedini	PB2
SRR6489878	NA	SRR6489878.3_PB1	SRR6489878.3	Aedini	PB1
SRR6489878	NA	SRR6489878.3_PA	SRR6489878.3	Aedini	PA
SRR6489878	23.66	SRR6489878.3_NP	SRR6489878.3	Aedini	NP
SRR6489878	NA	SRR6489878.3_HP3	SRR6489878.3	Aedini	HP3
SRR6489878	NA	SRR6489878.3_HP2	SRR6489878.3	Aedini	HP2
SRR6489878	NA	SRR6489878.3_HP1	SRR6489878.3	Aedini	HP1
SRR6489878	NA	SRR6489878.3_GP	SRR6489878.3	Aedini	GP
SRR6489878	NA	SRR6489878.2_PB2	SRR6489878.2	Aedini	PB2
SRR6489878	NA	SRR6489878.2_PB1	SRR6489878.2	Aedini	PB1
SRR6489878	NA	SRR6489878.2_PA	SRR6489878.2	Aedini	PA
SRR6489878	32.45	SRR6489878.2_NP	SRR6489878.2	Aedini	NP
SRR6489878	NA	SRR6489878.2_HP3	SRR6489878.2	Aedini	HP3
SRR6489878	NA	SRR6489878.2_HP2	SRR6489878.2	Aedini	HP2
SRR6489878	NA	SRR6489878.2_HP1	SRR6489878.2	Aedini	HP1
SRR6489878	NA	SRR6489878.2_GP	SRR6489878.2	Aedini	GP
SRR6489878	75.91	SRR6489878.1_PB2	SRR6489878.1	Aedini	PB2
SRR6489878	72.01	SRR6489878.1_PB1	SRR6489878.1	Aedini	PB1
SRR6489878	29.42	SRR6489878.1_PA	SRR6489878.1	Aedini	PA
SRR6489878	99.81	SRR6489878.1_NP	SRR6489878.1	Aedini	NP
SRR6489878	90.6	SRR6489878.1_HP3	SRR6489878.1	Aedini	HP3
SRR6489878	82.45	SRR6489878.1_HP2	SRR6489878.1	Aedini	HP2
SRR6489878	99.57	SRR6489878.1_HP1	SRR6489878.1	Aedini	HP1
SRR6489878	94.07	SRR6489878.1_GP	SRR6489878.1	Aedini	GP
SRR6489879	NA	SRR6489879.3_PB2	SRR6489879.3	Aedini	PB2
SRR6489879	NA	SRR6489879.3_PB1	SRR6489879.3	Aedini	PB1
SRR6489879	NA	SRR6489879.3_PA	SRR6489879.3	Aedini	PA
SRR6489879	32.45	SRR6489879.3_NP	SRR6489879.3	Aedini	NP
SRR6489879	NA	SRR6489879.3_HP3	SRR6489879.3	Aedini	HP3
SRR6489879	NA	SRR6489879.3_HP2	SRR6489879.3	Aedini	HP2
SRR6489879	NA	SRR6489879.3_HP1	SRR6489879.3	Aedini	HP1
SRR6489879	NA	SRR6489879.3_GP	SRR6489879.3	Aedini	GP
SRR6489879	NA	SRR6489879.2_PB2	SRR6489879.2	Aedini	PB2
SRR6489879	NA	SRR6489879.2_PB1	SRR6489879.2	Aedini	PB1
SRR6489879	NA	SRR6489879.2_PA	SRR6489879.2	Aedini	PA
SRR6489879	38.8	SRR6489879.2_NP	SRR6489879.2	Aedini	NP
SRR6489879	90.6	SRR6489879.2_HP3	SRR6489879.2	Aedini	HP3
SRR6489879	NA	SRR6489879.2_HP2	SRR6489879.2	Aedini	HP2
SRR6489879	NA	SRR6489879.2_HP1	SRR6489879.2	Aedini	HP1
SRR6489879	NA	SRR6489879.2_GP	SRR6489879.2	Aedini	GP
SRR6489879	99.64	SRR6489879.1_PB2	SRR6489879.1	Aedini	PB2
SRR6489879	99.34	SRR6489879.1_PB1	SRR6489879.1	Aedini	PB1
SRR6489879	NA	SRR6489879.1_PA	SRR6489879.1	Aedini	PA
SRR6489879	99.81	SRR6489879.1_NP	SRR6489879.1	Aedini	NP
SRR6489879	99.15	SRR6489879.1_HP3	SRR6489879.1	Aedini	HP3
SRR6489879	82.45	SRR6489879.1_HP2	SRR6489879.1	Aedini	HP2
SRR6489879	99.57	SRR6489879.1_HP1	SRR6489879.1	Aedini	HP1
SRR6489879	99.12	SRR6489879.1_GP	SRR6489879.1	Aedini	GP
